capture,phi_deg,left_deg
20260410_185407,0.0000,-0.107664
20260410_185407,5.0000,-0.036144
20260410_185407,25.0000,-0.227839
20260410_185407,30.0000,-0.003208
20260410_185407,35.0000,-0.044208
20260410_185407,40.0000,-0.040228
20260410_185407,45.0000,-0.025676
20260410_185407,50.0000,-0.047323
20260410_185407,55.0000,-0.134121
20260410_185407,60.0000,-0.067715
20260410_185407,65.0000,-0.055476
20260410_185407,70.0000,-0.063762
20260410_185407,75.0000,-0.059262
20260410_185407,80.0000,-0.055509
20260410_185407,85.0000,-0.064327
20260410_185407,95.0000,-0.132360
20260410_185407,100.0000,-0.053139
20260410_185407,105.0000,-0.021789
20260410_185407,110.0000,-0.009607
20260410_185407,115.0000,-0.107009
20260410_185407,120.0000,-0.150537
20260410_185407,125.0000,-0.033963
20260410_185407,135.0000,-0.007084
20260410_185407,150.0000,0.105655
20260410_185407,155.0000,0.095422
20260410_185407,160.0000,-0.090654
20260410_185407,180.0000,0.060284
20260410_185407,185.0000,0.121395
20260410_185407,190.0000,-0.065157
20260410_185407,195.0000,0.003430
20260410_185407,200.0000,0.104937
20260410_185407,205.0000,0.118944
20260410_185407,210.0000,0.055710
20260410_185407,215.0000,0.005450
20260410_185407,220.0000,0.053828
20260410_185407,225.0000,0.091255
20260410_185407,235.0000,0.047656
20260410_185407,240.0000,0.048421
20260410_185407,255.0000,0.018102
20260410_185407,260.0000,0.020593
20260410_185407,270.0000,0.000820
20260410_185407,275.0000,0.034078
20260410_185407,285.0000,-0.024147
20260410_185407,290.0000,-0.097058
20260410_185407,305.0000,-0.036785
20260410_185407,315.0000,-0.032294
20260410_185407,320.0000,-0.088416
20260410_185407,325.0000,-0.023364
20260410_185407,330.0000,-0.029099
20260410_185407,335.0000,-0.039707
20260410_185407,340.0000,0.041793
20260410_185407,345.0000,-0.063663
20260410_185407,350.0000,0.030417
20260410_185407,355.0000,-0.011893
20260501_183417,0.0000,-0.056764
20260501_183417,5.0000,-0.053782
20260501_183417,10.0000,-0.054033
20260501_183417,15.0000,-0.060825
20260501_183417,20.0000,-0.064485
20260501_183417,25.0000,0.113797
20260501_183417,35.0000,-0.066277
20260501_183417,40.0000,0.056520
20260501_183417,45.0000,-0.083929
20260501_183417,50.0000,0.038479
20260501_183417,55.0000,-0.061440
20260501_183417,60.0000,-0.062667
20260501_183417,65.0000,-0.088272
20260501_183417,70.0000,-0.074426
20260501_183417,75.0000,-0.033048
20260501_183417,100.0000,-0.200267
20260501_183417,135.0000,-0.004201
20260501_183417,145.0000,0.037525
20260501_183417,155.0000,0.022709
20260501_183417,165.0000,0.034838
20260501_183417,175.0000,0.135317
20260501_183417,195.0000,0.077804
20260501_183417,200.0000,0.040066
20260501_183417,205.0000,0.059822
20260501_183417,210.0000,0.054324
20260501_183417,215.0000,0.064194
20260501_183417,220.0000,0.031372
20260501_183417,225.0000,0.034474
20260501_183417,230.0000,0.074243
20260501_183417,235.0000,0.067821
20260501_183417,240.0000,0.084016
20260501_183417,245.0000,0.041737
20260501_183417,250.0000,-0.040712
20260501_183417,255.0000,0.047432
20260501_183417,260.0000,0.012598
20260501_183417,265.0000,-0.010533
20260501_183417,270.0000,0.041604
20260501_183417,275.0000,0.020524
20260501_183417,280.0000,-0.009403
20260501_183417,285.0000,-0.012599
20260501_183417,290.0000,-0.013982
20260501_183417,295.0000,-0.024866
20260501_183417,300.0000,-0.037656
20260501_183417,325.0000,-0.057865
20260501_183417,330.0000,-0.043404
20260501_183417,335.0000,-0.069629
20260501_183417,340.0000,-0.069395
20260501_183417,350.0000,-0.049205
20260501_183417,355.0000,-0.077557
20260526_191025,0.0000,0.134256
20260526_191025,5.0000,-0.032461
20260526_191025,10.0000,-0.072926
20260526_191025,15.0000,-0.087073
20260526_191025,20.0000,-0.074000
20260526_191025,30.0000,-0.034542
20260526_191025,35.0000,-0.024615
20260526_191025,40.0000,0.094977
20260526_191025,45.0000,-0.066896
20260526_191025,55.0000,-0.059551
20260526_191025,70.0000,-0.071716
20260526_191025,80.0000,-0.165402
20260526_191025,95.0000,-0.127722
20260526_191025,100.0000,-0.029397
20260526_191025,105.0000,-0.044273
20260526_191025,110.0000,-0.071338
20260526_191025,115.0000,-0.147519
20260526_191025,130.0000,-0.107210
20260526_191025,135.0000,0.042206
20260526_191025,140.0000,-0.019725
20260526_191025,145.0000,0.013468
20260526_191025,160.0000,0.043762
20260526_191025,165.0000,0.025672
20260526_191025,170.0000,0.013582
20260526_191025,175.0000,-0.059930
20260526_191025,180.0000,0.028169
20260526_191025,185.0000,-0.015854
20260526_191025,190.0000,0.135562
20260526_191025,195.0000,-0.043029
20260526_191025,200.0000,-0.059523
20260526_191025,205.0000,-0.031241
20260526_191025,210.0000,-0.075947
20260526_191025,215.0000,0.024193
20260526_191025,220.0000,0.131562
20260526_191025,225.0000,-0.009804
20260526_191025,230.0000,0.055313
20260526_191025,235.0000,0.068749
20260526_191025,240.0000,0.074147
20260526_191025,245.0000,0.040957
20260526_191025,250.0000,0.045799
20260526_191025,255.0000,0.136930
20260526_191025,260.0000,0.018826
20260526_191025,265.0000,0.022977
20260526_191025,270.0000,-0.008040
20260526_191025,275.0000,-0.029345
20260526_191025,280.0000,-0.028797
20260526_191025,285.0000,-0.056366
20260526_191025,290.0000,-0.054220
20260526_191025,295.0000,-0.081301
20260526_191025,300.0000,-0.056164
20260526_191025,305.0000,-0.054954
20260526_191025,310.0000,-0.018633
20260526_191025,315.0000,-0.075956
20260526_191025,320.0000,-0.065216
20260526_191025,325.0000,0.069972
20260526_191025,330.0000,-0.065049
20260526_191025,335.0000,-0.001897
20260526_191025,340.0000,-0.070723
20260526_191025,345.0000,-0.082953
20260526_191025,350.0000,-0.065296
20260526_191025,355.0000,0.037404
20260714_193252,0.0000,-0.036784
20260714_193252,10.0000,-0.047905
20260714_193252,25.0000,0.000199
20260714_193252,30.0000,-0.029334
20260714_193252,35.0000,-0.049729
20260714_193252,40.0000,0.186804
20260714_193252,45.0000,-0.015595
20260714_193252,50.0000,-0.063036
20260714_193252,55.0000,-0.092274
20260714_193252,60.0000,-0.060850
20260714_193252,65.0000,-0.046304
20260714_193252,70.0000,-0.033836
20260714_193252,75.0000,-0.000912
20260714_193252,80.0000,0.007859
20260714_193252,85.0000,-0.078431
20260714_193252,95.0000,-0.052974
20260714_193252,100.0000,-0.123403
20260714_193252,105.0000,-0.039451
20260714_193252,110.0000,0.204504
20260714_193252,115.0000,-0.121401
20260714_193252,125.0000,-0.073009
20260714_193252,130.0000,0.117332
20260714_193252,135.0000,-0.071409
20260714_193252,140.0000,0.046798
20260714_193252,145.0000,-0.005379
20260714_193252,150.0000,0.001315
20260714_193252,155.0000,-0.023577
20260714_193252,160.0000,0.034750
20260714_193252,165.0000,0.039487
20260714_193252,170.0000,0.058341
20260714_193252,175.0000,-0.208080
20260714_193252,180.0000,0.048512
20260714_193252,195.0000,-0.097759
20260714_193252,200.0000,0.049178
20260714_193252,205.0000,-0.063943
20260714_193252,215.0000,-0.017918
20260714_193252,220.0000,0.001688
20260714_193252,225.0000,0.206281
20260714_193252,230.0000,0.026531
20260714_193252,235.0000,0.089070
20260714_193252,240.0000,0.100985
20260714_193252,280.0000,-0.069989
20260714_193252,285.0000,0.070058
20260714_193252,300.0000,-0.075546
20260714_193252,305.0000,-0.067744
20260714_193252,310.0000,0.044501
20260714_193252,315.0000,-0.060796
20260714_193252,320.0000,-0.032970
20260714_193252,325.0000,-0.059306
20260714_193252,330.0000,-0.051509
20260714_193252,335.0000,-0.073554
20260714_193252,345.0000,-0.043201
20260714_193252,355.0000,0.105799
20260725_194424,0.0000,-0.089749
20260725_194424,5.0000,-0.067611
20260725_194424,10.0000,-0.115249
20260725_194424,15.0000,-0.046989
20260725_194424,20.0000,0.331320
20260725_194424,55.0000,-0.052390
20260725_194424,60.0000,-0.249020
20260725_194424,70.0000,-0.271300
20260725_194424,75.0000,-0.140969
20260725_194424,80.0000,-0.122999
20260725_194424,90.0000,-0.128695
20260725_194424,95.0000,0.229805
20260725_194424,100.0000,-0.091801
20260725_194424,110.0000,-0.019860
20260725_194424,115.0000,0.014452
20260725_194424,120.0000,0.032306
20260725_194424,125.0000,-0.006079
20260725_194424,130.0000,0.083169
20260725_194424,135.0000,0.003741
20260725_194424,140.0000,0.078141
20260725_194424,145.0000,-0.039980
20260725_194424,150.0000,0.028807
20260725_194424,155.0000,0.031555
20260725_194424,160.0000,0.033179
20260725_194424,165.0000,0.331583
20260725_194424,170.0000,0.110965
20260725_194424,180.0000,0.010302
20260725_194424,185.0000,0.030177
20260725_194424,190.0000,0.015111
20260725_194424,195.0000,0.073079
20260725_194424,200.0000,0.037666
20260725_194424,335.0000,-0.081061
20260725_194424,345.0000,-0.100354
20260725_194424,350.0000,-0.117581
20260725_194424,355.0000,-0.076866
20260802_191029,10.0000,0.135135
20260802_191029,20.0000,-0.144737
20260802_191029,25.0000,-0.085584
20260802_191029,30.0000,0.101787
20260802_191029,45.0000,-0.028800
20260802_191029,50.0000,-0.037635
20260802_191029,55.0000,-0.064022
20260802_191029,60.0000,-0.074038
20260802_191029,65.0000,0.008379
20260802_191029,70.0000,-0.065209
20260802_191029,80.0000,-0.108162
20260802_191029,85.0000,-0.114907
20260802_191029,90.0000,0.103690
20260802_191029,95.0000,-0.109596
20260802_191029,100.0000,-0.055837
20260802_191029,105.0000,-0.039533
20260802_191029,110.0000,0.102966
20260802_191029,115.0000,0.065010
20260802_191029,120.0000,-0.059781
20260802_191029,130.0000,-0.027658
20260802_191029,135.0000,0.002890
20260802_191029,140.0000,-0.003678
20260802_191029,145.0000,0.148392
20260802_191029,155.0000,0.019705
20260802_191029,165.0000,0.144372
20260802_191029,170.0000,-0.018972
20260802_191029,175.0000,0.048082
20260802_191029,180.0000,0.029326
20260802_191029,185.0000,0.029463
20260802_191029,190.0000,0.040997
20260802_191029,195.0000,0.212392
20260802_191029,200.0000,-0.057616
20260802_191029,205.0000,0.091386
20260802_191029,210.0000,-0.083649
20260802_191029,215.0000,-0.207880
20260802_191029,220.0000,0.024955
20260802_191029,225.0000,-0.070698
20260802_191029,250.0000,0.023235
20260802_191029,255.0000,0.014645
20260802_191029,260.0000,0.000004
20260802_191029,270.0000,-0.005999
20260802_191029,300.0000,-0.081355
20260802_191029,305.0000,-0.044648
20260802_191029,310.0000,-0.036327
20260802_191029,320.0000,-0.037042
20260802_191029,340.0000,-0.071281
20260802_191029,345.0000,-0.077322
